user_id,segment,n_train,recall@20,avg_sim_earliest_5,avg_sim_latest_5,sim_diff
0,Medium,65,0.052632,0.8358897236380454,0.816883984123183,-0.019005739514862396
2,Medium,63,0.125,0.848493861320622,0.81506651280441,-0.033427348516211985
3,Medium,496,0.042781,0.8206335378091307,0.8400582509914594,0.019424713182328635
4,Medium,78,0.230769,0.818213604968302,0.8113424400148921,-0.006871164953409892
5,Medium,109,0.14,0.8413071749065381,0.8309342439255669,-0.01037293098097114
8,Medium,69,0.115385,0.837275243036621,0.816819483459625,-0.02045575957699608
9,Medium,173,0.083333,0.8277419868128761,0.812117350752567,-0.015624636060309172
12,Medium,96,0.068966,0.8258796856727596,0.8168920067862138,-0.008987678886545836
16,Medium,130,0.054054,0.8182185064071799,0.802879164721379,-0.015339341685800867
17,Medium,142,0.191489,0.8297250212571811,0.8207908145158983,-0.008934206741282757
18,Medium,206,0.059701,0.8137549488549449,0.8228696636331098,0.009114714778164834
23,Medium,84,0.225806,0.8179189808605667,0.8110683746546083,-0.006850606205958343
25,Medium,72,0.210526,0.8293777626670303,0.8271189704388053,-0.002258792228225004
29,Medium,77,0.130435,0.833759314839004,0.834756859018891,0.0009975441798869555
30,Bad,54,0.0,0.8208836643475813,0.8252185509241674,0.0043348865765860944
31,Medium,249,0.095238,0.8198379691934008,0.8174955415466162,-0.002342427646784606
33,Medium,62,0.142857,0.8372212369664052,0.8303031228665254,-0.006918114099879746
35,Medium,68,0.2,0.8264204488682848,0.7975580544816806,-0.028862394386604207
38,Medium,89,0.035714,0.8220122080577446,0.7965803512369454,-0.02543185682079918
39,Medium,61,0.1,0.8179139140865986,0.8249126255572943,0.00699871147069564
40,Medium,64,0.066667,0.8193533779036208,0.809159412059558,-0.010193965844062847
41,Medium,82,0.04878,0.8277594357378246,0.8124032939560882,-0.015356141781736388
42,Medium,281,0.05814,0.8242395781210078,0.8254441931768166,0.001204615055808822
43,Medium,251,0.060976,0.8152252042083884,0.8112747269363076,-0.003950477272080755
44,Medium,57,0.181818,0.8164407448436164,0.8197181201630956,0.0032773753194792477
45,Medium,166,0.075472,0.8382989150537258,0.8132702205240829,-0.025028694529642848
46,Medium,81,0.103448,0.8085689793354536,0.8260539997467553,0.017485020411301733
47,Medium,207,0.077778,0.8195159356274871,0.8001620659083339,-0.019353869719153205
49,Medium,98,0.043478,0.8084785152296101,0.8145575717765292,0.006079056546919093
51,Medium,136,0.125,0.8209862437168359,0.8111492820436086,-0.00983696167322734
52,Medium,65,0.12,0.8119149470018684,0.8272032923848112,0.01528834538294277
59,Medium,88,0.142857,0.8181652430592014,0.8102442060345016,-0.007921037024699706
61,Medium,91,0.043478,0.8044017261209717,0.822916700828156,0.01851497470718433
63,Medium,186,0.106667,0.8251569029433105,0.8301422005833073,0.0049852976399968885
65,Medium,133,0.060606,0.8264030403420101,0.8088088130061017,-0.01759422733590832
70,Medium,65,0.1,0.8325746631587186,0.8120089986155057,-0.020565664543212958
71,Medium,72,0.125,0.8173279180260471,0.7968660602588298,-0.020461857767217317
75,Medium,91,0.135135,0.8206226344647248,0.8220841868679418,0.0014615524032169924
76,Medium,150,0.084746,0.8093969673809802,0.8188844652504164,0.009487497869436146
77,Medium,50,0.153846,0.8227423931312379,0.7970867650507051,-0.02565562808053279
79,Medium,257,0.125,0.8063827239314355,0.8198561714742114,0.013473447542775907
81,Medium,112,0.078947,0.8196624257224384,0.8043432756304473,-0.01531915009199114
83,Medium,88,0.103448,0.8158059938841623,0.8198103916566168,0.004004397772454538
91,Medium,226,0.111111,0.8271350480020555,0.7830765867795744,-0.04405846122248114
98,Medium,98,0.133333,0.8069101968423251,0.8309299449660171,0.02401974812369201
102,Medium,101,0.095238,0.8291553100475119,0.8176629496157147,-0.011492360431797133
108,Medium,102,0.08,0.8097105175139608,0.7924776990413962,-0.017232818472564637
114,Medium,71,0.178571,0.8341758237132527,0.8177756762079784,-0.0164001475052743
117,Medium,52,0.095238,0.8153236640370659,0.8037832588636,-0.011540405173465884
118,Medium,53,0.1875,0.8270298821122015,0.8314641494079984,0.004434267295796879
119,Medium,58,0.090909,0.8323603042836616,0.823635980805647,-0.00872432347801455
121,Medium,84,0.060606,0.8341068756858098,0.8235109285752438,-0.010595947110565995
124,Medium,71,0.033333,0.8268783427171513,0.8073649790574209,-0.019513363659730443
131,Medium,62,0.12,0.8161580789162162,0.8422523973409849,0.026094318424768725
134,Medium,88,0.16,0.8203327961012468,0.7919722570398704,-0.028360539061376366
136,Medium,147,0.148148,0.8248562500109997,0.8011914442999171,-0.023664805711082648
141,Bad,62,0.0,0.8192996370436697,0.8301740671844422,0.010874430140772495
142,Medium,134,0.166667,0.8326431518378484,0.7958295820182203,-0.036813569819628134
145,Medium,108,0.1,0.8234787636456268,0.8172404561137329,-0.006238307531893916
146,Medium,66,0.15,0.8311025766302373,0.8196153523521683,-0.01148722427806903
150,Medium,56,0.133333,0.817114881837955,0.8401153915777645,0.023000509739809494
156,Medium,197,0.104478,0.8096982862200175,0.7861230088636391,-0.023575277356378432
157,Medium,65,0.1,0.8245567120107564,0.8288249202868307,0.004268208276074326
159,Medium,51,0.05,0.8202278049883478,0.8380051315568237,0.01777732656847586
160,Medium,93,0.171429,0.8212602016285372,0.8096990342089944,-0.011561167419542828
162,Medium,99,0.16129,0.8222342344616237,0.8047724345132078,-0.0174617999484159
164,Medium,115,0.173913,0.8108865660244972,0.8022948586625411,-0.008591707361956025
169,Medium,78,0.038462,0.8399898321799049,0.8169090147795007,-0.02308081740040413
178,Medium,66,0.190476,0.8249613045863828,0.8208851762260387,-0.0040761283603441
180,Medium,56,0.117647,0.812950669939314,0.8035014124285885,-0.00944925751072545
182,Good,54,0.315789,0.8182117849347842,0.8188013867601601,0.0005896018253759294
207,Medium,72,0.076923,0.8227402825460336,0.8184085441910767,-0.004331738354956927
211,Medium,54,0.181818,0.8172490807872483,0.8133179620013902,-0.0039311187858581675
219,Bad,124,0.0,0.822770014732719,0.8284174279253482,0.00564741319262918
224,Bad,81,0.0,0.8200537741797526,0.7999213741289685,-0.020132400050784094
237,Medium,63,0.1875,0.8296676655267495,0.8124620229669258,-0.01720564255982371
238,Bad,68,0.0,0.8265683786631989,0.8379111743290766,0.011342795665877703
248,Medium,134,0.152174,0.8234067513589552,0.8108274196775074,-0.01257933168144787
259,Bad,72,0.0,0.8139722722252716,0.815944323227267,0.0019720510019953785
268,Medium,107,0.04,0.8144365190336815,0.8254340358002503,0.010997516766568793
274,Medium,79,0.133333,0.8042408377114606,0.812829340359914,0.008588502648453455
276,Medium,67,0.058824,0.815085771040069,0.8228774119335514,0.007791640893482388
283,Medium,52,0.066667,0.8248361424116959,0.8156734576322217,-0.00916268477947424
294,Medium,57,0.105263,0.8307402604834253,0.8070129795691777,-0.023727280914247584
297,Medium,52,0.230769,0.8231764547588163,0.818818061157409,-0.004358393601407329
312,Medium,94,0.153846,0.8110384936583642,0.79506566363378,-0.015972830024584272
375,Medium,74,0.16129,0.8166220238082896,0.8317587447442779,0.01513672093598828
384,Medium,53,0.071429,0.835781257168432,0.8034845978885501,-0.0322966592798819
392,Bad,54,0.0,0.7976221319765034,0.8084485528837202,0.01082642090721675
620,Bad,51,0.0,0.8302822873976353,0.8259722497206182,-0.004310037677017098
621,Medium,125,0.1,0.8150318427348152,0.8006079505602812,-0.014423892174533992
637,Medium,127,0.076923,0.822744001794176,0.8308454370148339,0.008101435220657982
638,Medium,239,0.021053,0.8238898134157747,0.8240340052503721,0.0001441918345973514
644,Medium,184,0.019608,0.8258466772323911,0.8105409748854878,-0.015305702346903316
649,Medium,107,0.103448,0.8296447470805817,0.8139264916388804,-0.015718255441701245
650,Medium,78,0.210526,0.8204345870894698,0.8383751561617396,0.01794056907226982
652,Medium,92,0.028571,0.8208248381302449,0.8202805040935905,-0.0005443340366543259
654,Medium,62,0.041667,0.8199904887767788,0.81769929994262,-0.002291188834158797
668,Bad,67,0.0,0.8264577652908969,0.8228509599680951,-0.003606805322801776
683,Medium,74,0.125,0.817842897452481,0.8296894322408171,0.011846534788336194
687,Medium,79,0.052632,0.815114274981171,0.8197910773715982,0.004676802390427226
690,Medium,56,0.157895,0.822513497075351,0.8121677903680349,-0.01034570670731616
734,Medium,72,0.125,0.8247334783317226,0.8216853170719081,-0.0030481612598145524
736,Medium,75,0.153846,0.820961304466364,0.8257001844621863,0.004738879995822343
745,Medium,76,0.181818,0.8272190581772347,0.8267189942480687,-0.0005000639291660169
754,Medium,243,0.123457,0.809670216111481,0.8283225028376556,0.018652286726174583
755,Medium,294,0.078652,0.8342162338710478,0.8211894537955697,-0.013026780075478084
757,Medium,163,0.16,0.8211387333388102,0.816708587193651,-0.004430146145159131
758,Medium,149,0.025641,0.8171465735649566,0.8397385890468101,0.022592015481853522
759,Medium,50,0.166667,0.8175860582783014,0.8223155689249586,0.004729510646657165
760,Medium,64,0.111111,0.8105725007156849,0.8259668496414434,0.015394348925758528
762,Medium,55,0.052632,0.8254280861285365,0.841783068350965,0.016354982222428482
765,Medium,93,0.032258,0.828182226228351,0.8296113156052289,0.0014290893768779123
766,Medium,63,0.117647,0.8310829229218543,0.8354045793942564,0.0043216564724021245
767,Medium,168,0.142857,0.825046906063719,0.8103324954501427,-0.014714410613576256
769,Medium,57,0.05,0.824459791351465,0.8515339031800473,0.027074111828582326
811,Medium,63,0.136364,0.8439186882428936,0.8446533398684064,0.0007346516255127833
824,Medium,75,0.038462,0.8400498104547329,0.8310902740137276,-0.008959536441005334
825,Bad,76,0.0,0.8302665617531435,0.8405692667829303,0.010302705029786807
826,Medium,95,0.130435,0.8193481724021415,0.827916531000547,0.008568358598405434
827,Medium,246,0.098592,0.8129606866084927,0.8255464734675211,0.012585786859028336
828,Medium,92,0.095238,0.8388027473567627,0.8346527801381441,-0.0041499672186186
829,Medium,142,0.156863,0.8204287258752334,0.8111032017155064,-0.009325524159726983
844,Medium,152,0.127273,0.8293667275199272,0.8178987368208167,-0.01146799069911053
847,Medium,254,0.067568,0.8125616939047321,0.795878990390521,-0.016682703514211084
852,Medium,82,0.090909,0.8337321150102263,0.855557447471884,0.021825332461657743
860,Bad,67,0.0,0.8267128006912872,0.8482114860564401,0.02149868536515298
872,Medium,169,0.028986,0.8183966018067199,0.8117693171068485,-0.006627284699871394
873,Medium,79,0.045455,0.8332374852513279,0.8284926594043529,-0.004744825846974998
874,Medium,194,0.104478,0.8082197078195292,0.807507303911775,-0.0007124039077541777
878,Medium,141,0.097561,0.8150916378305986,0.7962797112462525,-0.01881192658434605
880,Medium,100,0.15,0.8226446123274884,0.8158168038282358,-0.0068278084992525745
881,Medium,74,0.137931,0.8053124496349913,0.8177382065846872,0.012425756949695943
883,Medium,102,0.12,0.8168238918446707,0.8145037655807756,-0.002320126263895106
884,Medium,374,0.07767,0.8277963139593627,0.8182143689120455,-0.009581945047317242
885,Medium,111,0.121212,0.8182685279566021,0.8114415777843611,-0.0068269501722409975
886,Medium,223,0.085714,0.8226543075483136,0.8072189173145684,-0.015435390233745183
891,Medium,73,0.208333,0.8417956957268448,0.814100571488992,-0.02769512423785281
892,Medium,77,0.105263,0.8198498673448246,0.8227705015848951,0.0029206342400704965
893,Medium,52,0.05,0.8243167783542248,0.8281496082361389,0.003832829881914135
894,Medium,79,0.111111,0.8090569421375365,0.7991397217786662,-0.009917220358870327
895,Medium,99,0.193548,0.8102899218992944,0.8280240949554324,0.017734173056138003
896,Medium,289,0.081395,0.8359818539617093,0.8108408742647809,-0.02514097969692841
897,Medium,89,0.035714,0.8187026794306833,0.8225696269099922,0.0038669474793089353
898,Medium,155,0.0625,0.8184966081081889,0.835248313851217,0.01675170574302809
899,Medium,130,0.105263,0.8303284044558537,0.8314343963018738,0.0011059918460201157
900,Medium,309,0.060241,0.8154195760937701,0.8289480064142248,0.013528430320454699
902,Medium,60,0.111111,0.8261246613449554,0.8299806389814741,0.0038559776365186815
903,Medium,66,0.125,0.806561867011931,0.8146074195665728,0.008045552554641788
906,Medium,53,0.090909,0.838129908918139,0.8258836276487551,-0.012246281269383874
907,Good,72,0.285714,0.8099179597115936,0.8159033048525911,0.005985345140997467
912,Medium,71,0.181818,0.8263219668777024,0.8294804341477302,0.003158467270027776
914,Medium,58,0.105263,0.8407019767356273,0.8245596600794339,-0.016142316656193367
915,Bad,67,0.0,0.8292351510503764,0.8116688211234759,-0.017566329926900437
917,Medium,126,0.09434,0.8238109344501877,0.8047740532970448,-0.019036881153142948
918,Medium,96,0.184211,0.8122258103080678,0.8020993521655309,-0.010126458142536987
920,Medium,156,0.079365,0.8252337562151564,0.8120699530015983,-0.013163803213558034
921,Medium,85,0.083333,0.8144735649860604,0.8150803318944831,0.0006067669084227623
923,Medium,54,0.045455,0.8100419629465367,0.8292175803936207,0.01917561744708396
924,Medium,75,0.178571,0.8193044546348756,0.819033563130463,-0.0002708915044125071
927,Bad,59,0.0,0.8350949235248676,0.8229655221180675,-0.012129401406800078
929,Medium,98,0.081081,0.825316506455213,0.8199668874035396,-0.0053496190516734154
932,Medium,241,0.057143,0.809699873480317,0.7908194802964095,-0.01888039318390755
933,Medium,70,0.166667,0.8186998122315016,0.8203600654127652,0.0016602531812636157
934,Bad,51,0.0,0.8245933287906804,0.8310247719908526,0.006431443200172193
936,Medium,65,0.1,0.8107825357828402,0.848779396304001,0.0379968605211608
937,Medium,175,0.052632,0.8190353134452562,0.8223096728097472,0.003274359364491053
941,Medium,50,0.095238,0.8138240069295346,0.814630484172814,0.0008064772432794243
946,Medium,179,0.081633,0.8206795073934365,0.8155091007081593,-0.00517040668527724
948,Medium,141,0.06383,0.8055846727786801,0.8102050702515283,0.004620397472848259
949,Medium,61,0.071429,0.8307313103738446,0.8177004895603946,-0.013030820813449973
950,Medium,58,0.086957,0.8073291738199895,0.8381918533706674,0.030862679550677896
951,Medium,59,0.066667,0.8145195074562531,0.8232575990751855,0.008738091618932353
955,Medium,83,0.190476,0.8348343272110302,0.8163572699133581,-0.018477057297672128
958,Medium,78,0.04,0.8107697734760017,0.7893839553577953,-0.02138581811820639
963,Bad,51,0.0,0.8212651169328746,0.8080443684472526,-0.013220748485622047
967,Medium,54,0.214286,0.8144920774162656,0.8234632442329,0.008971166816634346
968,Medium,63,0.2,0.8403747985325755,0.8115635862593482,-0.02881121227322725
973,Medium,84,0.09375,0.8216886852876788,0.8285432938100975,0.006854608522418704
975,Medium,63,0.125,0.8202385203857367,0.8249535630387724,0.004715042653035684
977,Medium,75,0.066667,0.8084857160035608,0.8100006537638894,0.0015149377603286274
980,Medium,63,0.055556,0.8278004018831536,0.8216485880310351,-0.006151813852118493
981,Medium,68,0.05,0.8172409341879134,0.8306024355790989,0.013361501391185415
984,Medium,160,0.152174,0.8342031904802463,0.8145200534848893,-0.019683136995356953
990,Medium,70,0.148148,0.8186382889278262,0.8174126489830261,-0.001225639944800072
991,Medium,56,0.1,0.8293336782905844,0.815867300395284,-0.013466377895300363
992,Medium,61,0.214286,0.821304576244556,0.8317195683737572,0.010414992129201162
997,Medium,99,0.125,0.818849263499003,0.7941103829421456,-0.024738880556857357
1021,Bad,57,0.0,0.84276555174173,0.8244810585369056,-0.018284493204824392
1028,Medium,99,0.03125,0.818928729825639,0.8288754722266527,0.009946742401013675
1029,Medium,63,0.05,0.8402756240042366,0.8144832346727375,-0.025792389331499077
1030,Medium,73,0.083333,0.8304119754617638,0.8331644994299584,0.0027525239681945868
1035,Medium,54,0.066667,0.8239846492673937,0.8189179199446412,-0.005066729322752428
1040,Medium,105,0.107143,0.8284179127570106,0.8174806483654576,-0.010937264391552959
1044,Medium,70,0.0625,0.8529064308682329,0.8323116524095455,-0.0205947784586874
1050,Bad,62,0.0,0.8039082554519977,0.8119084058060224,0.008000150354024682
1052,Medium,87,0.105263,0.8205485304309634,0.8264343786716104,0.005885848240646974
1057,Medium,50,0.125,0.8060025887057243,0.7841560758886303,-0.021846512817093933
1062,Medium,56,0.130435,0.842674935168907,0.8111168626513436,-0.031558072517563374
1069,Medium,58,0.142857,0.814277576187212,0.8209027019717983,0.006625125784586294
1080,Medium,69,0.090909,0.8370151342165244,0.802897624015887,-0.03411751020063736
1089,Medium,64,0.176471,0.8382829075321936,0.8139273753520566,-0.024355532180136974
1096,Medium,62,0.125,0.8316287381579439,0.8250927701808068,-0.006535967977137069
1115,Medium,81,0.0625,0.8248661793347309,0.8196991637257709,-0.005167015608960046
1120,Medium,68,0.04,0.7992240736011466,0.8050243354564856,0.005800261855338995
1121,Medium,92,0.066667,0.8299850910549569,0.8118679865292482,-0.018117104525708694
1183,Medium,72,0.115385,0.8219364160126528,0.8372108624883996,0.015274446475746828
1247,Medium,59,0.071429,0.8291913905572714,0.8180568072657162,-0.011134583291555256
1249,Medium,73,0.083333,0.8172831213458226,0.8247567961183675,0.007473674772544903
1267,Medium,56,0.173913,0.8092449078658556,0.798244336182574,-0.011000571683281613
1488,Medium,124,0.021739,0.799215403393354,0.8230324373994083,0.023817034006054394
1489,Bad,220,0.0,0.8259569090393881,0.8218765172365139,-0.004080391802874228
1490,Medium,57,0.05,0.7963320740595096,0.8269473145582487,0.030615240498739094
1492,Medium,131,0.037037,0.8033538474527212,0.8370078389206259,0.03365399146790471
1493,Medium,91,0.025641,0.8260653832429389,0.8214607815558622,-0.004604601687076659
1495,Medium,88,0.028571,0.8287110813425048,0.8171022890607393,-0.011608792281765479
1497,Medium,65,0.0625,0.8117578513633589,0.8108953799938317,-0.0008624713695272179
1503,Medium,156,0.098039,0.8182647102514886,0.8057491617416013,-0.012515548509887342
1504,Medium,62,0.2,0.8240704547203436,0.8376208072289992,0.013550352508655661
1506,Medium,78,0.045455,0.816724110863694,0.833027988872465,0.016303878008770978
1509,Medium,67,0.066667,0.8073319384673956,0.8118434193607046,0.0045114808933089945
1511,Medium,93,0.035714,0.820677337650964,0.8122560616069423,-0.008421276044021653
1541,Medium,131,0.075,0.8276643759543919,0.8053895756300363,-0.02227480032435558
1542,Medium,87,0.060606,0.8381228902865763,0.8382276718492087,0.00010478156263238336
1544,Medium,147,0.114286,0.8228902267467678,0.8112624796773297,-0.011627747069438144
1545,Medium,156,0.08,0.8200381087115053,0.8208099127804014,0.0007718040688960981
1548,Medium,87,0.192308,0.8173325132992165,0.8126457278706465,-0.0046867854285700394
1555,Medium,52,0.038462,0.8358003822072118,0.8252023667407965,-0.010598015466415256
1557,Medium,56,0.05,0.8250636997904021,0.8512779380170568,0.026214238226654696
1558,Bad,105,0.0,0.8374701613483,0.8272226278178609,-0.010247533530439057
1561,Medium,70,0.041667,0.8247221526284854,0.821827045009119,-0.0028951076193663994
1562,Bad,53,0.0,0.8265729820580783,0.8310020392548128,0.004429057196734476
1563,Medium,114,0.025641,0.8023584830590073,0.803821273883138,0.0014627908241306997
1568,Medium,108,0.133333,0.8286147855598569,0.8197175265274901,-0.008897259032366822
1569,Medium,93,0.0625,0.8265104196923518,0.8238644963116937,-0.002645923380658166
1572,Medium,160,0.12069,0.8250304634751838,0.8137088173852804,-0.011321646089903381
1573,Medium,71,0.083333,0.8378368447681037,0.8199081093217856,-0.017928735446318123
1584,Medium,71,0.103448,0.8071334716528845,0.811209119177015,0.004075647524130477
1586,Medium,97,0.206897,0.8144439169009872,0.8274404633344925,0.01299654643350534
1589,Medium,68,0.058824,0.8382198073413918,0.858335234593967,0.020115427252575202
1590,Medium,94,0.09375,0.807169531692858,0.8285479958975526,0.02137846420469458
1592,Medium,74,0.142857,0.8286443653042974,0.8272901667051865,-0.0013541985991109007
1600,Medium,207,0.015385,0.8172317868767017,0.8236252367358613,0.006393449859159572
1603,Medium,168,0.114754,0.8231098963987982,0.8125441105990963,-0.01056578579970191
1606,Medium,56,0.043478,0.8031954808913871,0.8311774509301404,0.027981970038753246
1610,Medium,65,0.235294,0.8408962003398089,0.8231305933763489,-0.01776560696346008
1611,Medium,62,0.166667,0.8253838284223163,0.8375068562307586,0.012123027808442322
1613,Medium,59,0.090909,0.8271847862284558,0.8025263305920145,-0.024658455636441312
1614,Medium,71,0.0625,0.8343054098437479,0.8279637096087324,-0.006341700235015457
1615,Medium,169,0.145833,0.8101732036155722,0.8114643058319032,0.001291102216330997
1622,Medium,81,0.1,0.830753385718787,0.8177482275612062,-0.013005158157580743
1624,Medium,160,0.022222,0.8297844054203711,0.828645967916272,-0.0011384375040991435
1628,Medium,52,0.166667,0.8339092559840104,0.8041591489529472,-0.02975010703106329
1635,Medium,82,0.148148,0.8269151978013586,0.827683693369113,0.0007684955677543792
1636,Medium,79,0.131579,0.825390351471626,0.8204243551935491,-0.004965996278076923
1638,Medium,94,0.04,0.8081186256937525,0.8097569884550625,0.0016383627613100193
1639,Medium,57,0.2,0.8486715309797643,0.8353141156852997,-0.013357415294464658
1640,Bad,70,0.0,0.8100968186215554,0.8207341316265134,0.010637313004958071
1654,Medium,98,0.071429,0.8334457643148874,0.8288405512768506,-0.004605213038036737
1664,Bad,54,0.0,0.8464024494678176,0.8224316170104535,-0.02397083245736409
1672,Medium,68,0.210526,0.8329486653949522,0.8132507580662427,-0.019697907328709463
1685,Bad,50,0.0,0.8132416551891388,0.8476953314756684,0.03445367628652962
1693,Medium,65,0.130435,0.8126163732841898,0.8127390979808569,0.00012272469666707586
1695,Medium,127,0.071429,0.8209437891588257,0.824576033210805,0.003632244051979261
1700,Medium,99,0.1,0.8233423223530789,0.8059709471569253,-0.017371375196153616
1702,Medium,57,0.090909,0.8269249954403008,0.835469629346725,0.008544633906424126
1703,Medium,73,0.08,0.8200545713890826,0.8048770377874597,-0.015177533601622883
1709,Medium,103,0.102564,0.8241880272620495,0.8190753210285422,-0.005112706233507347
1719,Medium,55,0.058824,0.8182419943976409,0.8281837482817741,0.009941753884133209
1723,Medium,55,0.055556,0.819279439279132,0.8238035871690472,0.0045241478899151755
1742,Medium,99,0.055556,0.8273705741056849,0.8183439100581301,-0.009026664047554811
1743,Medium,172,0.096154,0.8150430936277209,0.8282160580356022,0.013172964407881294
1744,Medium,64,0.130435,0.8329751080818728,0.8334384185073758,0.00046331042550296075
1746,Medium,85,0.2,0.8286459304932675,0.8171550750303161,-0.011490855462951366
1754,Medium,50,0.2,0.825790703240058,0.8288402035133762,0.003049500273318184
1755,Medium,69,0.076923,0.8174163119173142,0.8274695058402299,0.010053193922915704
1757,Medium,61,0.222222,0.8128022278877504,0.8387699161683513,0.02596768828060092
1765,Medium,79,0.095238,0.8085130169503227,0.8124729970660711,0.003959980115748385
1767,Medium,59,0.235294,0.8107173135291535,0.8078244430131706,-0.0028928705159829704
1774,Medium,95,0.131579,0.82758377013733,0.8087069468203392,-0.01887682331699081
1782,Medium,117,0.175,0.814108474946371,0.8132566194308758,-0.000851855515495159
1783,Medium,89,0.055556,0.8198234866265384,0.8239682417128605,0.004144755086322172
1785,Medium,117,0.086207,0.8152355280670658,0.8117177673045308,-0.0035177607625349605
1794,Medium,55,0.071429,0.8354206211288432,0.8216917590528954,-0.013728862075947812
1801,Medium,70,0.090909,0.8041892556271801,0.8076252142933915,0.0034359586662113806
1816,Medium,61,0.033333,0.8136938028104973,0.8108775814861613,-0.00281622132433601
1825,Medium,62,0.1,0.8286257548666557,0.8364550598311842,0.007829304964528494
1826,Medium,58,0.214286,0.8391761976975964,0.8139743780719826,-0.025201819625613853
1828,Medium,75,0.083333,0.8194619576834677,0.8104370085790837,-0.009024949104384006
1839,Medium,64,0.172414,0.8259936919996328,0.80861074712663,-0.017382944873002848
1841,Medium,67,0.037037,0.8073810135771609,0.8174568362528788,0.010075822675717938
1843,Medium,57,0.181818,0.8063671041413094,0.8062422842142233,-0.00012481992708612832
1849,Medium,52,0.1,0.8353101655935078,0.8426276745490746,0.0073175089555668205
1863,Medium,86,0.05,0.819873554403588,0.8110561163176404,-0.008817438085947593
1869,Medium,98,0.033333,0.8367652460876623,0.8095939649280666,-0.027171281159595773
1878,Medium,85,0.103448,0.8326512368398278,0.817361499499077,-0.015289737340750786
1892,Medium,58,0.15,0.8455544281140494,0.8187350264956681,-0.026819401618381256
1906,Bad,128,0.0,0.8185612671684261,0.8109370075109477,-0.007624259657478483
1914,Bad,52,0.0,0.8222294191930638,0.8062750810887499,-0.015954338104313903
1921,Good,63,0.277778,0.8248387857725419,0.8253612115385653,0.0005224257660234599
1932,Medium,56,0.058824,0.8147458531320705,0.8300535554979875,0.015307702365917053
1938,Medium,58,0.066667,0.822620997045638,0.8114828156930181,-0.011138181352619902
1966,Medium,60,0.083333,0.8435151464931373,0.8489597367096934,0.005444590216556078
1987,Medium,105,0.153846,0.8225693046150996,0.8225024463306736,-6.685828442598574e-05
1989,Good,53,0.333333,0.808346736249512,0.8159250490472427,0.007578312797730691
2003,Medium,52,0.090909,0.8110079801805853,0.8251473109551666,0.014139330774581294
2529,Medium,105,0.076923,0.8319279531173738,0.8273884974249691,-0.004539455692404659
2530,Medium,50,0.083333,0.8227457076875453,0.8186663872969462,-0.004079320390599106
2531,Medium,219,0.028169,0.8301678130609467,0.8317693904447022,0.001601577383755548
2535,Medium,82,0.210526,0.8073974572935564,0.8465069883493801,0.03910953105582371
2539,Medium,99,0.125,0.8317816260364201,0.8340290058588018,0.0022473798223816566
2548,Medium,58,0.166667,0.8174901328653356,0.8129424927482036,-0.004547640117131935
2591,Medium,106,0.071429,0.8539365520219361,0.8076399406849731,-0.046296611336962945
2595,Medium,63,0.095238,0.812641115291753,0.8331073388579204,0.020466223566167452
2602,Medium,55,0.1,0.8291172702567277,0.8141543022485586,-0.014962968008169097
2607,Bad,75,0.0,0.8204452995944749,0.8323983218096881,0.011953022215213216
2616,Medium,62,0.136364,0.8214464652524063,0.8067710372147909,-0.014675428037615346
2638,Medium,68,0.055556,0.8277144637428288,0.8278391172758569,0.00012465353302815174
2642,Medium,93,0.071429,0.8261101435997983,0.8153442114956599,-0.010765932104138343
2649,Medium,79,0.142857,0.8139064238852493,0.8094446126476977,-0.004461811237551516
2650,Bad,57,0.0,0.8322996613785983,0.8029233637894342,-0.029376297589164158
2674,Medium,84,0.038462,0.8263627999627141,0.8148379815461683,-0.011524818416545846
2675,Medium,57,0.066667,0.8074341932761214,0.8208759069851211,0.013441713708999714
2676,Medium,51,0.222222,0.8255701403651434,0.8266590191860189,0.001088878820875494
2678,Medium,213,0.037975,0.8298819703951873,0.8457219861557647,0.015840015760577364
2681,Medium,72,0.076923,0.8207796860764311,0.8233333040113691,0.002553617934937913
2686,Medium,77,0.032258,0.8157141111576349,0.8067255176842595,-0.008988593473375439
2690,Medium,95,0.107143,0.8252333509912896,0.8196848790859782,-0.005548471905311381
2701,Medium,101,0.083333,0.8255044005564433,0.8310383584757307,0.005533957919287458
2711,Medium,99,0.045455,0.8265288466457896,0.8033341206770542,-0.023194725968735397
2713,Medium,51,0.133333,0.8295509848991343,0.8292864118223975,-0.00026457307673677377
2719,Medium,76,0.125,0.8383076082862637,0.8212544787241305,-0.01705312956213323
2723,Medium,63,0.153846,0.8227068235074864,0.8178781343172329,-0.004828689190253477
2734,Medium,54,0.05,0.825126172809252,0.8161847261622167,-0.008941446647035334
2794,Medium,54,0.105263,0.8275670153542893,0.8247030142413123,-0.0028640011129770215
2795,Medium,51,0.111111,0.8318593563689118,0.8237079495618014,-0.008151406807110462
2796,Bad,70,0.0,0.809250464250662,0.8091092708322865,-0.00014119341837559585
2797,Medium,120,0.05,0.8227586317757289,0.8091159276974856,-0.013642704078243306
2798,Bad,65,0.0,0.8295585450058924,0.8393657690655669,0.00980722405967449
2845,Medium,101,0.2,0.8308260860027336,0.8610809549336362,0.03025486893090268
2855,Medium,281,0.067308,0.8200769643604338,0.8213386609191847,0.0012616965587509688
2856,Medium,166,0.045455,0.8249979870192377,0.8083008570508801,-0.016697129968357594
2922,Medium,99,0.103448,0.8217839493630243,0.8224294749326061,0.0006455255695817508
2924,Medium,208,0.084507,0.8134119294900852,0.8165744607669844,0.0031625312768991387
2925,Medium,134,0.128205,0.803988667542497,0.8241234437231949,0.020134776180697922
2928,Bad,54,0.0,0.8176534220146433,0.8362072569305603,0.018553834915917
2972,Bad,162,0.0,0.8130441044160154,0.8253494160277957,0.012305311611780279
2980,Medium,112,0.052632,0.8295242445675637,0.80398982779193,-0.025534416775633728
2988,Medium,50,0.166667,0.8291802536272265,0.8087353234585901,-0.020444930168636355
2996,Good,81,0.269231,0.8167603660243075,0.8180257826634867,0.0012654166391792288
2998,Medium,58,0.125,0.8175271866017761,0.8111602882548594,-0.006366898346916727
3008,Medium,59,0.071429,0.8120619428491012,0.8207983860877726,0.008736443238671399
3018,Medium,60,0.115385,0.8189403243493416,0.8322184523925007,0.013278128043159088
3070,Medium,82,0.096774,0.8178524279062573,0.819066482956323,0.0012140550500656655
3071,Medium,126,0.066667,0.8103339738899559,0.8292643608645894,0.018930386974633562
3074,Medium,62,0.157895,0.8070454780812947,0.8059417481199862,-0.001103729961308475
3079,Medium,137,0.093023,0.8224277090033898,0.8272226921806694,0.004794983177279555
3135,Medium,86,0.034483,0.8129951623251095,0.8062865006500228,-0.006708661675086658
3137,Bad,68,0.0,0.8322341364281671,0.8390110118282237,0.006776875400056559
3138,Bad,59,0.0,0.8083753544182268,0.8144700679186141,0.006094713500387261
3156,Medium,140,0.083333,0.8281557943382944,0.8176565102840085,-0.010499284054285907
3168,Bad,283,0.0,0.8407600440223268,0.8380940462660252,-0.002665997756301608
3173,Medium,78,0.205882,0.8040665822112818,0.7945796861404177,-0.00948689607086406
3175,Medium,58,0.157895,0.818420585155609,0.8167481260601578,-0.0016724590954512175
3200,Medium,229,0.026316,0.8012048131189727,0.8041430923355198,0.0029382792165471017
3206,Bad,121,0.0,0.8159607469004593,0.8203305718981119,0.004369824997652594
3209,Medium,80,0.107143,0.8367857403107731,0.8227191750884861,-0.014066565222286997
3211,Bad,50,0.0,0.8098849331800112,0.8219948155262529,0.012109882346241663
3223,Medium,108,0.046512,0.8231952970410553,0.818229715216664,-0.00496558182439133
3226,Medium,75,0.086957,0.822968784974252,0.8260987535139099,0.003129968539657968
3230,Medium,60,0.047619,0.811215721228922,0.8355308883147419,0.024315167085819822
3243,Medium,95,0.076923,0.8407162768990954,0.8279002595659817,-0.012816017333113772
3244,Medium,57,0.090909,0.8267051371936717,0.8121017582379636,-0.014603378955708068
3246,Medium,81,0.103448,0.812193083395273,0.8028669260214993,-0.009326157373773625
3253,Medium,65,0.1,0.8285066596125427,0.8046474081044945,-0.02385925150804813
3257,Medium,120,0.04,0.816392288815349,0.8361916569783674,0.019799368163018416
3259,Bad,87,0.0,0.8304964299850507,0.8144248541873711,-0.016071575797679594
3269,Medium,67,0.066667,0.822165930748438,0.8178922471187862,-0.004273683629651859
3286,Medium,86,0.21875,0.840886364511579,0.798778926447308,-0.042107438064271085
3288,Medium,52,0.0625,0.8102112730559135,0.8108521451881691,0.0006408721322556099
3291,Medium,90,0.052632,0.8325765276729751,0.8090174534570895,-0.023559074215885545
3295,Medium,88,0.088235,0.8365137592320636,0.8377679333874948,0.0012541741554311647
3303,Medium,150,0.1,0.8299515015431098,0.8064783234584395,-0.02347317808467031
3313,Bad,71,0.0,0.8126795152840733,0.805796629867304,-0.006882885416769291
3319,Medium,83,0.055556,0.8263345532498395,0.8079823035852554,-0.018352249664584153
3329,Medium,101,0.054054,0.8211130978156683,0.817902234968443,-0.003210862847225271
3334,Medium,59,0.08,0.8276094175680446,0.821502915005748,-0.006106502562296612
3345,Medium,60,0.24,0.8526911004947099,0.8333943304561903,-0.019296770038519595
3350,Medium,101,0.068966,0.8196342747458859,0.80903657115026,-0.010597703595625951
3353,Medium,115,0.148148,0.8211662594808697,0.8235757598254512,0.002409500344581428
3384,Medium,110,0.133333,0.8234468695282793,0.8206683100541292,-0.0027785594741500663
3387,Medium,103,0.176471,0.8229943021736414,0.8027087713576313,-0.020285530816010144
3401,Good,69,0.275862,0.8428027056714441,0.818221981094258,-0.024580724577186075
3402,Medium,67,0.12,0.8271851003149544,0.8113491870991139,-0.015835913215840547
3426,Medium,65,0.086957,0.8151195426625453,0.8151932655151846,7.372285263929079e-05
3499,Bad,63,0.0,0.8368872379050165,0.8233409991003496,-0.013546238804666877
3506,Medium,61,0.190476,0.8077972457619345,0.8277615229552712,0.01996427719333671
3534,Medium,65,0.25,0.8258752063946165,0.820226499382987,-0.005648707011629561
3707,Medium,69,0.157895,0.82009765028432,0.8158909409714197,-0.0042067093129003474
3941,Medium,95,0.25,0.8191666492564241,0.8156829069692275,-0.0034837422871966117
3952,Medium,189,0.016667,0.7971121320462233,0.8096969680095916,0.012584835963368235
3988,Medium,70,0.222222,0.8306621028159238,0.8109725880018658,-0.019689514814058007
3997,Medium,73,0.166667,0.8371158296434829,0.8286435413116182,-0.008472288331864641
3998,Medium,91,0.03125,0.8241853517965092,0.8039926494552931,-0.020192702341216062
4005,Medium,69,0.076923,0.8174568544102302,0.8035295597988433,-0.013927294611386865
4087,Medium,180,0.06383,0.8178872188254358,0.8332939337729469,0.015406714947511113
4095,Medium,72,0.105263,0.8068779615713435,0.8054373281004965,-0.001440633470846997
4101,Medium,53,0.142857,0.8239414644033698,0.8204132633711738,-0.0035282010321959767
4116,Medium,88,0.071429,0.8173140735152462,0.8286676784819731,0.011353604966726882
4123,Medium,91,0.055556,0.8210887373545905,0.7931949625308065,-0.02789377482378408
4127,Medium,81,0.068966,0.8132734736045751,0.8088427024352505,-0.004430771169324665
4135,Medium,58,0.076923,0.8193522552965989,0.8174860262376216,-0.0018662290589773756
4144,Medium,51,0.235294,0.821622123480586,0.8058359318190401,-0.015786191661545934
4195,Medium,66,0.076923,0.8369009132789976,0.8210973589623908,-0.01580355431660685
4198,Medium,77,0.111111,0.8074222588102463,0.8094999344657635,0.002077675655517197
4208,Medium,108,0.09375,0.8156968134580586,0.8348317541580013,0.019134940699942704
4210,Medium,286,0.037975,0.8372599332837716,0.8248435985878636,-0.012416334695907971
4220,Medium,50,0.047619,0.8392334088948127,0.827005503760174,-0.012227905134638672
4250,Medium,61,0.133333,0.8177049489551802,0.8289297813625636,0.011224832407383367
4266,Bad,57,0.0,0.8126793514274228,0.8132597717377568,0.0005804203103340067
4293,Medium,73,0.2,0.8326703835520325,0.8284333761923298,-0.004237007359702671
4304,Medium,54,0.071429,0.8177211768037008,0.8141154771544661,-0.0036056996492347393
4305,Medium,52,0.125,0.8276379148877806,0.8289339912403861,0.0012960763526055352
4362,Medium,81,0.16,0.8138630234128053,0.8042453636464646,-0.009617659766340658
4369,Medium,52,0.125,0.8163702137154363,0.8129662906430326,-0.0034039230724036695
4375,Medium,69,0.038462,0.821207416582937,0.8265872358634695,0.0053798192805324385
4377,Medium,75,0.125,0.8178965085736142,0.8343855185726344,0.016489009999020254
4389,Good,112,0.27027,0.8163502628275727,0.8085120905176103,-0.007838172309962421
4390,Bad,85,0.0,0.8099805723725557,0.8372839929128814,0.02730342054032564
4393,Medium,53,0.153846,0.834436673294334,0.8233982378347366,-0.011038435459597373
4395,Medium,102,0.102041,0.8019460371023406,0.8249051622091101,0.022959125106769562
4397,Medium,55,0.181818,0.8334020298272291,0.8223040698701883,-0.01109795995704077
4399,Bad,54,0.0,0.8069802701311166,0.8067961394035976,-0.00018413072751899406
4402,Medium,54,0.1,0.8327640669889963,0.8403743141182997,0.00761024712930336
4403,Bad,50,0.0,0.8419880298658379,0.8205801624384715,-0.021407867427366334
4411,Medium,80,0.029412,0.8326074887839352,0.8274336023047567,-0.005173886479178491
4415,Medium,85,0.054054,0.8210825986767215,0.8128570453448545,-0.00822555333186703
4418,Medium,66,0.08,0.824068160569337,0.8203354419562634,-0.00373271861307356
4422,Medium,102,0.029412,0.8307889591436721,0.8347647912357076,0.003975832092035447
4429,Medium,53,0.121212,0.8126994680468689,0.8103105952866679,-0.002388872760200944
4435,Bad,75,0.0,0.8404220470610403,0.8156052184951111,-0.02481682856592915
4450,Bad,59,0.0,0.8497289970106104,0.8140347192519413,-0.03569427775866918
4454,Medium,77,0.166667,0.816217431083522,0.8294299773428945,0.013212546259372515
4457,Medium,187,0.12963,0.8189317075592932,0.8348962944700336,0.01596458691074032
4461,Medium,144,0.132075,0.8103799811853,0.801575045806015,-0.00880493537928495
4462,Medium,106,0.12,0.8154904145372303,0.8133375577633982,-0.0021528567738320348
4470,Medium,70,0.25,0.8269553906461082,0.7939954392831627,-0.032959951362945494
4473,Medium,65,0.083333,0.8319098878846154,0.8200957167351598,-0.011814171149455599
4476,Medium,86,0.2,0.816908888170388,0.8201146571700928,0.0032057689997048167
4478,Medium,64,0.136364,0.8302648275268997,0.8023028349697284,-0.027961992557171245
4482,Bad,72,0.0,0.8182538333422912,0.806151136966055,-0.012102696376236177
4488,Medium,71,0.081081,0.8129231861941756,0.8207888688894585,0.007865682695282872
4495,Medium,51,0.15,0.8113105900951221,0.8167980184087013,0.005487428313579179
4515,Medium,93,0.074074,0.8292861577148344,0.8253910824738288,-0.00389507524100563
4521,Medium,105,0.076923,0.8360271251114643,0.8355607374531294,-0.00046638765833484364
4522,Medium,53,0.173913,0.8177127202921636,0.8252951523312744,0.007582432039110798
4530,Medium,64,0.12,0.8286259153941753,0.8205770798366215,-0.008048835557553757
4540,Medium,59,0.095238,0.8285415474394127,0.8119640771142004,-0.016577470325212285
4567,Medium,64,0.151515,0.8277889824669364,0.8055062759598091,-0.02228270650712738
4568,Medium,57,0.133333,0.8066133109195859,0.8061164537118068,-0.0004968572077790334
4572,Medium,51,0.05,0.8247695482836981,0.821540325638718,-0.0032292226449800454
4573,Medium,59,0.133333,0.8386296157130158,0.8029934745638961,-0.035636141149119616
4581,Medium,70,0.08,0.8076056850346056,0.8184175718884179,0.010811886853812291
4583,Medium,88,0.071429,0.8452030850418876,0.8204013967642994,-0.02480168827758822
4601,Medium,74,0.129032,0.8175825902751199,0.8173491480957722,-0.00023344217934773148
4625,Good,62,0.272727,0.8349286131442056,0.8214438336395974,-0.013484779504608246
4628,Medium,99,0.074074,0.8089421525382614,0.8159033500896239,0.006961197551362486
4654,Medium,116,0.051282,0.8105886854524839,0.810316222894456,-0.0002724625580278195
4668,Good,52,0.285714,0.8348751567443587,0.8127902298700537,-0.022084926874305078
4679,Good,56,0.4,0.8404654635708603,0.8057611702973659,-0.034704293273494335
4687,Medium,82,0.047619,0.8204579644850497,0.808719908412878,-0.01173805607217171
4722,Medium,72,0.043478,0.8384869885312473,0.8249045119794817,-0.013582476551765588
4751,Medium,76,0.227273,0.8069826340165264,0.8088396120768339,0.0018569780603074904
4752,Medium,92,0.2,0.8214797825610537,0.82193718503318,0.00045740247212633367
4757,Medium,114,0.029412,0.8377806987141414,0.8225122839040386,-0.01526841481010277
4777,Good,69,0.266667,0.8376280864993391,0.8024276543398626,-0.035200432159476436
4780,Bad,58,0.0,0.8278522228466013,0.8140735498743992,-0.013778672972202144
4808,Medium,56,0.041667,0.8379278217453875,0.844671349498823,0.006743527753435563
4855,Medium,56,0.083333,0.8094414378159861,0.8305409562596585,0.021099518443672416
4857,Medium,56,0.076923,0.8218611385454111,0.8256234561597626,0.003762317614351529
4859,Medium,60,0.148148,0.8185212928582146,0.8287735778731659,0.010252285014951235
4888,Medium,56,0.055556,0.8358109442971143,0.8254347768616096,-0.010376167435504735
4892,Medium,56,0.130435,0.8194729657664549,0.8144411603916211,-0.005031805374833831
4930,Medium,97,0.222222,0.8189725563324746,0.8373419680683526,0.018369411735878027
4953,Bad,59,0.0,0.8230646929745532,0.8211416146584417,-0.0019230783161114928
4955,Medium,54,0.090909,0.8247881400682224,0.8081595282537192,-0.016628611814503258
4969,Medium,67,0.095238,0.8160529087315325,0.8258054366421124,0.0097525279105799
5104,Medium,59,0.052632,0.8235426963578041,0.8084146656642395,-0.01512803069356461
5190,Medium,51,0.071429,0.8233816046992599,0.8113095573047848,-0.012072047394475094
5845,Medium,51,0.2,0.8197732815990844,0.8316110049927172,0.01183772339363287
5857,Medium,93,0.030303,0.8022627130895323,0.811117693574257,0.008854980484724662
5885,Bad,55,0.0,0.8021901280221705,0.8251224281204574,0.02293230009828695
5909,Good,75,0.318182,0.8345277612098094,0.835571946333421,0.0010441851236115962
5910,Medium,66,0.2,0.8196236761714367,0.8158439159011627,-0.0037797602702740463
5915,Medium,54,0.166667,0.8387974613740183,0.8115544100845691,-0.02724305128944926
5975,Bad,61,0.0,0.8187439482308045,0.8328487238400445,0.01410477560923995
6058,Bad,59,0.0,0.8314498099921102,0.8440767224353269,0.012626912443216787
6059,Medium,62,0.235294,0.8266577136441324,0.8138200662456345,-0.012837647398497909
6071,Medium,56,0.071429,0.8260442362681724,0.8261626099849897,0.00011837371681733266
6085,Medium,54,0.058824,0.8206557794444087,0.8233247564623511,0.002668977017942442
6105,Bad,97,0.0,0.8136988195558953,0.8336611220775516,0.019962302521656317
6269,Good,51,0.263158,0.8164671936900987,0.81807144443544,0.001604250745341318
6335,Bad,51,0.0,0.8381171342035861,0.82778258819371,-0.010334546009876155
6384,Bad,56,0.0,0.81137780990317,0.8173806606782617,0.0060028507750916615
6387,Medium,81,0.066667,0.8346759650636729,0.8559102964587739,0.021234331395101003
6443,Medium,62,0.052632,0.8354445021453175,0.8192890457800098,-0.016155456365307685
6448,Bad,64,0.0,0.8295410217613396,0.8223575135192451,-0.007183508242094461
6523,Medium,92,0.1,0.8210594804691537,0.8083179713822322,-0.01274150908692151
6559,Medium,87,0.043478,0.8323862936074378,0.8303448550467121,-0.0020414385607256946
6624,Medium,68,0.043478,0.8436548095711741,0.806523322429924,-0.03713148714125014
6625,Bad,61,0.0,0.8368237830344054,0.827448035196966,-0.009375747837439441
6629,Medium,55,0.222222,0.8311887760811583,0.8095178383737156,-0.02167093770744266
6732,Medium,57,0.076923,0.8291749372454387,0.8243828516356727,-0.004792085609765961
6808,Medium,81,0.090909,0.8134672211756792,0.8233100600989751,0.00984283892329596
6809,Bad,50,0.0,0.8167719834360865,0.8166630992294444,-0.00010888420664212362
6815,Medium,70,0.066667,0.8400349331694696,0.8350093572071131,-0.005025575962356532
6838,Medium,83,0.043478,0.8044552270929298,0.8217896235907528,0.01733439649782298
6940,Medium,71,0.133333,0.8387010746344915,0.8224557865587894,-0.016245288075702136
6975,Medium,50,0.0625,0.8260627569160113,0.8308365318989882,0.0047737749829769305
7093,Medium,59,0.074074,0.813206450552727,0.8081225789307777,-0.005083871621949343
7102,Medium,54,0.071429,0.8184746843885179,0.8262780524963219,0.007803368107804021
7114,Medium,51,0.1875,0.8328865614359392,0.8148107024911801,-0.01807585894475905
7124,Medium,59,0.153846,0.8161237150366425,0.829411754519833,0.013288039483190461
7319,Bad,67,0.0,0.8196844939059081,0.8316970041908384,0.012012510284930222
7326,Medium,64,0.176471,0.8303395790921073,0.8020526347823779,-0.028286944309729445
7341,Medium,52,0.08,0.8186996664515658,0.8080849057441558,-0.010614760707409965
7397,Medium,55,0.214286,0.8080931828539694,0.811398459623387,0.003305276769417609
7400,Medium,82,0.125,0.8132101751503715,0.8147698275272983,0.00155965237692679
7432,Medium,57,0.157895,0.8303151936878713,0.8408755405448478,0.010560346856976488
7435,Medium,83,0.115385,0.8112017440045601,0.8186017910715122,0.007400047066952076
7535,Medium,78,0.041667,0.8088808085567422,0.837297707842956,0.028416899286213826
7567,Medium,51,0.076923,0.8156977259775198,0.8113802898738095,-0.00431743610371027
7596,Medium,50,0.058824,0.8219796962129028,0.8158404987980044,-0.006139197414898434
7857,Medium,58,0.210526,0.8310198505794762,0.8183225453201942,-0.012697305259282032
7860,Medium,67,0.238095,0.807694625547678,0.8131522702253055,0.005457644677627438
7875,Medium,65,0.190476,0.8178508494286124,0.8353649059552408,0.017514056526628408
7885,Medium,79,0.034483,0.8172562825937707,0.8318061300086843,0.014549847414913608
7951,Bad,55,0.0,0.825481960787562,0.8183167412099556,-0.007165219577606408
8007,Bad,60,0.0,0.8192105884352344,0.8043888971502533,-0.01482169128498112
8021,Medium,88,0.2,0.8511566180328458,0.828833825505155,-0.02232279252769076
8022,Medium,69,0.0625,0.8330850217696504,0.8206486299784714,-0.012436391791178947
8026,Medium,81,0.033333,0.8310066479270993,0.8237305004592586,-0.007276147467840777
8041,Medium,56,0.05,0.8510692253237814,0.8224076326018246,-0.028661592721956786
8074,Medium,77,0.08,0.8137269529736537,0.8399411662907159,0.026214213317062196
8145,Bad,58,0.0,0.8334845217114069,0.7929721314536607,-0.04051239025774611
8149,Medium,74,0.125,0.8177274400629561,0.82201049429571,0.004283054232753991
8179,Medium,52,0.045455,0.8404658883182694,0.8020296403409173,-0.03843624797735212
8238,Medium,83,0.222222,0.8364367616539463,0.8205005842707898,-0.015936177383156558
8245,Medium,89,0.0625,0.8286096454701027,0.8292396219301971,0.0006299764600943281
8289,Medium,60,0.111111,0.8283767164202438,0.8201459381175165,-0.008230778302727337
8353,Medium,63,0.105263,0.8201353194148011,0.8241605279120904,0.004025208497289268
8367,Medium,55,0.157895,0.8294230794201184,0.8242330912992302,-0.005189988120888223
8491,Medium,63,0.060606,0.8143101583306311,0.8088110988654573,-0.005499059465173817
8662,Medium,54,0.083333,0.8367643521415518,0.8011531771427407,-0.03561117499881106
8718,Medium,54,0.117647,0.8431629787788679,0.8323603743578147,-0.010802604421053186
9177,Medium,118,0.114286,0.8255086317263208,0.8114813875956971,-0.014027244130623728
9228,Medium,143,0.0625,0.8147450957230159,0.8262121980747132,0.011467102351697345
9229,Medium,64,0.105263,0.8322848090062729,0.815368054001875,-0.016916755004397932
9233,Medium,52,0.058824,0.8186318708675753,0.8450766591589144,0.026444788291339116
9264,Medium,135,0.093023,0.8232688779651491,0.7858469072621603,-0.037421970702988805
9418,Bad,72,0.0,0.8181625068144436,0.8318848450421449,0.013722338227701303
9440,Medium,65,0.071429,0.816290077661284,0.8069102795235323,-0.009379798137751694
9590,Bad,83,0.0,0.8389429427382213,0.8267109665244664,-0.012231976213754936
9695,Medium,54,0.111111,0.8392104376825475,0.8396117919180821,0.00040135423553455674
9867,Medium,61,0.125,0.8145756313345245,0.814520848230263,-5.478310426143551e-05
9979,Medium,76,0.058824,0.8053266302350914,0.8068675549780308,0.0015409247429393202
10242,Medium,52,0.05,0.8378577455118146,0.8309619617862335,-0.006895783725581084
10252,Medium,77,0.102564,0.8318347594915932,0.8257576087160297,-0.006077150775563589
10301,Medium,72,0.130435,0.8411505684251661,0.8197388578165855,-0.021411710608580603
10302,Medium,50,0.111111,0.8261124652627096,0.8242967254482798,-0.0018157398144298398
10338,Medium,51,0.083333,0.8448885275352863,0.8193600633839487,-0.025528464151337582
10606,Medium,81,0.135135,0.8099427029700903,0.8091652703161054,-0.0007774326539848886
10731,Bad,78,0.0,0.826385862507762,0.816672173203812,-0.009713689303950002
10844,Medium,94,0.103448,0.8220557776584002,0.8125690976874698,-0.009486679970930445
11184,Bad,67,0.0,0.8401475234257262,0.8074826281020553,-0.032664895323670895
11356,Bad,51,0.0,0.8102231016954168,0.8100583283131119,-0.0001647733823049169
11490,Medium,51,0.166667,0.8071343221365395,0.7821815158493093,-0.024952806287230178
11589,Medium,75,0.045455,0.8109757254731933,0.8157281631678783,0.00475243769468503
11841,Medium,63,0.041667,0.8156910047336868,0.833697726036233,0.018006721302546214
11937,Medium,67,0.055556,0.8193542733061074,0.8273425786187973,0.007988305312689903
12164,Medium,55,0.052632,0.8225910614988553,0.807075752199735,-0.015515309299120261
12167,Bad,50,0.0,0.8224912710941062,0.821861017288963,-0.0006302538051432549
12242,Medium,61,0.1,0.8071012186943003,0.8256751652696923,0.01857394657539202
12427,Medium,53,0.0625,0.8042715053732771,0.8176209896358679,0.01334948426259086
12918,Medium,55,0.222222,0.8309457542956133,0.8068741552644431,-0.024071599031170288
13194,Bad,64,0.0,0.819868148141718,0.8250767896743669,0.005208641532648883
13253,Medium,66,0.136364,0.8292990149863385,0.8231771865954182,-0.0061218283909203475
13735,Medium,53,0.214286,0.8280686894465878,0.8194178379533726,-0.008650851493215206
14250,Medium,66,0.153846,0.8338391753972111,0.8246467817963758,-0.009192393600835236
14557,Medium,60,0.166667,0.8274140855021948,0.8266944854228029,-0.0007196000793918689
